distance,heart_rate,timestamp
7.14,115.0,2025-10-19 12:51:25
15.26,116.0,2025-10-19 12:51:26
34.13,116.0,2025-10-19 12:51:28
41.3,117.0,2025-10-19 12:51:29
59.11,119.0,2025-10-19 12:51:31
68.11,120.0,2025-10-19 12:51:32
85.97,123.0,2025-10-19 12:51:34
104.05,126.0,2025-10-19 12:51:36
122.06,129.0,2025-10-19 12:51:38
148.89,133.0,2025-10-19 12:51:41
157.42,133.0,2025-10-19 12:51:42
174.51,135.0,2025-10-19 12:51:44
182.87,136.0,2025-10-19 12:51:45
207.51,138.0,2025-10-19 12:51:48
223.3,139.0,2025-10-19 12:51:50
231.32,140.0,2025-10-19 12:51:51
247.15,141.0,2025-10-19 12:51:53
254.33,141.0,2025-10-19 12:51:54
261.45,142.0,2025-10-19 12:51:55
274.38,142.0,2025-10-19 12:51:57
281.16,142.0,2025-10-19 12:51:58
316.66,143.0,2025-10-19 12:52:03
328.57,143.0,2025-10-19 12:52:05
363.17,144.0,2025-10-19 12:52:10
382.31,145.0,2025-10-19 12:52:13
436.81,146.0,2025-10-19 12:52:21
469.53,147.0,2025-10-19 12:52:26
502.84,148.0,2025-10-19 12:52:31
520.63,149.0,2025-10-19 12:52:34
546.37,150.0,2025-10-19 12:52:38
566.39,150.0,2025-10-19 12:52:41
626.22,151.0,2025-10-19 12:52:49
681.98,150.0,2025-10-19 12:52:56
743.18,150.0,2025-10-19 12:53:03
760.8,150.0,2025-10-19 12:53:05
805.44,150.0,2025-10-19 12:53:10
822.97,150.0,2025-10-19 12:53:12
850.62,150.0,2025-10-19 12:53:15
859.46,150.0,2025-10-19 12:53:16
886.63,151.0,2025-10-19 12:53:19
914.55,151.0,2025-10-19 12:53:22
978.94,151.0,2025-10-19 12:53:29
1033.36,152.0,2025-10-19 12:53:35
1069.08,152.0,2025-10-19 12:53:39
1085.25,152.0,2025-10-19 12:53:41
1125.99,152.0,2025-10-19 12:53:46
1133.88,152.0,2025-10-19 12:53:47
1184.95,152.0,2025-10-19 12:53:54
1197.28,151.0,2025-10-19 12:53:56
1211.06,151.0,2025-10-19 12:53:58
1217.93,151.0,2025-10-19 12:53:59
1232.62,151.0,2025-10-19 12:54:01
1248.83,150.0,2025-10-19 12:54:03
1257.46,151.0,2025-10-19 12:54:04
1274.99,150.0,2025-10-19 12:54:06
1302.88,150.0,2025-10-19 12:54:09
1322.55,150.0,2025-10-19 12:54:11
1342.52,150.0,2025-10-19 12:54:13
1381.66,150.0,2025-10-19 12:54:17
1401.33,150.0,2025-10-19 12:54:19
1431.43,150.0,2025-10-19 12:54:22
1451.32,150.0,2025-10-19 12:54:24
1508.58,150.0,2025-10-19 12:54:30
1575.2,151.0,2025-10-19 12:54:37
1614.64,151.0,2025-10-19 12:54:41
1663.17,152.0,2025-10-19 12:54:46
1716.76,153.0,2025-10-19 12:54:52
1778.74,154.0,2025-10-19 12:54:59
1824.54,155.0,2025-10-19 12:55:04
1852.6,155.0,2025-10-19 12:55:07
1881.38,155.0,2025-10-19 12:55:10
1949.31,156.0,2025-10-19 12:55:17
1968.78,156.0,2025-10-19 12:55:19
1988.43,156.0,2025-10-19 12:55:21
2028.3,156.0,2025-10-19 12:55:25
2038.62,156.0,2025-10-19 12:55:26
2070.64,156.0,2025-10-19 12:55:29
2102.36,156.0,2025-10-19 12:55:32
2169.41,156.0,2025-10-19 12:55:39
2178.69,157.0,2025-10-19 12:55:40
2205.41,157.0,2025-10-19 12:55:43
2250.05,156.0,2025-10-19 12:55:48
2317.23,157.0,2025-10-19 12:55:56
2370.18,158.0,2025-10-19 12:56:03
2384.93,158.0,2025-10-19 12:56:05
2420.08,159.0,2025-10-19 12:56:10
2441.33,159.0,2025-10-19 12:56:13
2484.02,160.0,2025-10-19 12:56:19
2543.6,161.0,2025-10-19 12:56:27
2566.43,161.0,2025-10-19 12:56:30
2589.33,161.0,2025-10-19 12:56:33
2640.09,161.0,2025-10-19 12:56:39
2658.46,162.0,2025-10-19 12:56:41
2686.89,162.0,2025-10-19 12:56:44
2696.55,162.0,2025-10-19 12:56:45
2756.51,161.0,2025-10-19 12:56:51
2825.0,161.0,2025-10-19 12:56:58
2834.47,161.0,2025-10-19 12:56:59
2891.01,161.0,2025-10-19 12:57:05
2910.9,161.0,2025-10-19 12:57:07
2921.17,161.0,2025-10-19 12:57:08
2942.46,161.0,2025-10-19 12:57:10
2953.21,160.0,2025-10-19 12:57:11
2963.56,160.0,2025-10-19 12:57:12
2974.54,160.0,2025-10-19 12:57:13
2985.47,160.0,2025-10-19 12:57:14
2995.79,159.0,2025-10-19 12:57:15
3013.33,158.0,2025-10-19 12:57:17
3030.25,156.0,2025-10-19 12:57:19
3038.96,155.0,2025-10-19 12:57:20
3047.88,155.0,2025-10-19 12:57:21
3065.99,154.0,2025-10-19 12:57:23
3113.25,154.0,2025-10-19 12:57:28
3132.73,155.0,2025-10-19 12:57:30
3152.31,154.0,2025-10-19 12:57:32
3189.79,155.0,2025-10-19 12:57:36
3230.17,155.0,2025-10-19 12:57:40
3296.12,156.0,2025-10-19 12:57:47
3362.23,157.0,2025-10-19 12:57:54
3424.42,158.0,2025-10-19 12:58:01
3451.01,158.0,2025-10-19 12:58:04
3514.14,159.0,2025-10-19 12:58:11
3522.75,160.0,2025-10-19 12:58:12
3589.93,162.0,2025-10-19 12:58:20
3644.44,163.0,2025-10-19 12:58:26
3662.29,163.0,2025-10-19 12:58:28
3723.33,163.0,2025-10-19 12:58:35
3758.41,164.0,2025-10-19 12:58:39
3820.5,165.0,2025-10-19 12:58:46
3855.39,165.0,2025-10-19 12:58:50
3864.06,164.0,2025-10-19 12:58:51
3925.71,164.0,2025-10-19 12:58:58
3960.43,164.0,2025-10-19 12:59:02
4002.7,164.0,2025-10-19 12:59:07
4036.31,164.0,2025-10-19 12:59:11
4053.16,164.0,2025-10-19 12:59:13
4104.15,164.0,2025-10-19 12:59:19
4156.85,165.0,2025-10-19 12:59:25
4165.72,164.0,2025-10-19 12:59:26
4201.11,165.0,2025-10-19 12:59:30
4246.67,165.0,2025-10-19 12:59:35
4311.15,165.0,2025-10-19 12:59:42
4375.17,164.0,2025-10-19 12:59:49
4440.36,163.0,2025-10-19 12:59:56
4468.68,162.0,2025-10-19 12:59:59
4536.45,163.0,2025-10-19 13:00:06
4555.6,162.0,2025-10-19 13:00:08
4622.34,162.0,2025-10-19 13:00:15
4640.47,162.0,2025-10-19 13:00:17
4701.57,161.0,2025-10-19 13:00:24
4709.59,161.0,2025-10-19 13:00:25
4748.95,160.0,2025-10-19 13:00:30
4755.02,160.0,2025-10-19 13:00:31
4769.97,160.0,2025-10-19 13:00:33
4798.72,160.0,2025-10-19 13:00:37
4826.31,159.0,2025-10-19 13:00:41
4841.05,160.0,2025-10-19 13:00:43
4854.56,160.0,2025-10-19 13:00:45
4866.37,160.0,2025-10-19 13:00:47
4873.3,160.0,2025-10-19 13:00:48
4895.5,161.0,2025-10-19 13:00:51
4910.7,161.0,2025-10-19 13:00:53
4934.06,161.0,2025-10-19 13:00:56
4941.98,161.0,2025-10-19 13:00:57
4951.27,162.0,2025-10-19 13:00:58
4967.08,162.0,2025-10-19 13:01:00
4982.8,162.0,2025-10-19 13:01:02
4990.79,162.0,2025-10-19 13:01:03
5006.99,163.0,2025-10-19 13:01:05
5023.38,163.0,2025-10-19 13:01:07
5031.73,163.0,2025-10-19 13:01:08
5048.55,164.0,2025-10-19 13:01:10
5065.16,164.0,2025-10-19 13:01:12
5106.46,165.0,2025-10-19 13:01:17
5170.54,165.0,2025-10-19 13:01:25
5186.56,166.0,2025-10-19 13:01:27
5194.64,165.0,2025-10-19 13:01:28
5253.04,167.0,2025-10-19 13:01:35
5284.64,167.0,2025-10-19 13:01:39
5292.92,168.0,2025-10-19 13:01:40
5309.36,168.0,2025-10-19 13:01:42
5318.67,168.0,2025-10-19 13:01:43
5324.85,168.0,2025-10-19 13:01:44
5334.27,168.0,2025-10-19 13:01:45
5340.42,168.0,2025-10-19 13:01:46
5364.81,168.0,2025-10-19 13:01:49
5410.85,168.0,2025-10-19 13:01:54
5430.0,168.0,2025-10-19 13:01:56
5450.47,168.0,2025-10-19 13:01:58
5481.45,169.0,2025-10-19 13:02:01
5491.63,168.0,2025-10-19 13:02:02
5512.51,168.0,2025-10-19 13:02:04
5563.13,167.0,2025-10-19 13:02:09
5626.62,166.0,2025-10-19 13:02:15
5637.2,165.0,2025-10-19 13:02:16
5647.74,164.0,2025-10-19 13:02:17
5668.84,163.0,2025-10-19 13:02:19
5679.78,162.0,2025-10-19 13:02:20
5734.03,161.0,2025-10-19 13:02:25
5765.95,160.0,2025-10-19 13:02:28
5776.49,159.0,2025-10-19 13:02:29
5786.34,158.0,2025-10-19 13:02:30
5814.01,155.0,2025-10-19 13:02:33
5832.66,154.0,2025-10-19 13:02:35
5842.56,154.0,2025-10-19 13:02:36
5863.12,153.0,2025-10-19 13:02:38
5896.57,153.0,2025-10-19 13:02:41
5908.2,153.0,2025-10-19 13:02:42
5944.03,153.0,2025-10-19 13:02:45
5968.15,153.0,2025-10-19 13:02:47
6003.53,153.0,2025-10-19 13:02:50
6014.92,153.0,2025-10-19 13:02:51
6025.8,153.0,2025-10-19 13:02:52
6046.48,152.0,2025-10-19 13:02:54
6056.35,152.0,2025-10-19 13:02:55
6074.14,153.0,2025-10-19 13:02:57
6082.31,153.0,2025-10-19 13:02:58
6098.44,153.0,2025-10-19 13:03:00
6121.15,153.0,2025-10-19 13:03:03
6128.31,153.0,2025-10-19 13:03:04
6135.58,153.0,2025-10-19 13:03:05
6149.41,153.0,2025-10-19 13:03:07
6162.93,153.0,2025-10-19 13:03:09
6175.83,152.0,2025-10-19 13:03:11
6188.7,153.0,2025-10-19 13:03:13
6215.2,155.0,2025-10-19 13:03:17
6236.08,157.0,2025-10-19 13:03:20
6273.87,160.0,2025-10-19 13:03:25
6281.48,160.0,2025-10-19 13:03:26
6303.79,161.0,2025-10-19 13:03:29
6317.4,162.0,2025-10-19 13:03:31
6323.65,161.0,2025-10-19 13:03:32
6329.53,161.0,2025-10-19 13:03:33
6335.33,161.0,2025-10-19 13:03:34
6340.98,162.0,2025-10-19 13:03:35
6346.21,162.0,2025-10-19 13:03:36
6351.35,162.0,2025-10-19 13:03:37
6356.56,162.0,2025-10-19 13:03:38
6365.95,163.0,2025-10-19 13:03:40
6370.75,163.0,2025-10-19 13:03:41
6375.57,163.0,2025-10-19 13:03:42
6394.29,164.0,2025-10-19 13:03:46
6440.66,166.0,2025-10-19 13:03:56
6445.07,166.0,2025-10-19 13:03:57
6461.94,166.0,2025-10-19 13:04:01
6474.89,167.0,2025-10-19 13:04:04
6479.15,167.0,2025-10-19 13:04:05
6503.99,168.0,2025-10-19 13:04:11
6534.17,168.0,2025-10-19 13:04:18
6563.19,169.0,2025-10-19 13:04:25
6593.16,170.0,2025-10-19 13:04:32
6609.06,170.0,2025-10-19 13:04:36
6620.98,170.0,2025-10-19 13:04:39
6655.51,170.0,2025-10-19 13:04:48
6682.96,171.0,2025-10-19 13:04:55
6722.9,171.0,2025-10-19 13:05:04
6734.37,171.0,2025-10-19 13:05:06
6754.77,171.0,2025-10-19 13:05:10
6770.35,171.0,2025-10-19 13:05:13
6778.83,171.0,2025-10-19 13:05:15
6788.81,171.0,2025-10-19 13:05:17
6793.91,171.0,2025-10-19 13:05:18
6817.33,171.0,2025-10-19 13:05:22
6846.44,171.0,2025-10-19 13:05:26
6852.38,171.0,2025-10-19 13:05:27
6867.27,171.0,2025-10-19 13:05:29
6890.07,171.0,2025-10-19 13:05:32
6897.65,170.0,2025-10-19 13:05:33
6939.96,168.0,2025-10-19 13:05:39
6952.46,168.0,2025-10-19 13:05:41
6963.69,167.0,2025-10-19 13:05:43
6969.23,168.0,2025-10-19 13:05:44
6974.52,167.0,2025-10-19 13:05:45
6979.73,168.0,2025-10-19 13:05:46
6985.04,167.0,2025-10-19 13:05:47
6996.33,167.0,2025-10-19 13:05:49
7024.25,168.0,2025-10-19 13:05:54
7028.5,168.0,2025-10-19 13:05:55
7046.34,169.0,2025-10-19 13:05:58
7052.03,169.0,2025-10-19 13:05:59
7063.72,169.0,2025-10-19 13:06:01
7069.56,169.0,2025-10-19 13:06:02
7102.49,169.0,2025-10-19 13:06:07
7109.03,169.0,2025-10-19 13:06:08
7115.69,169.0,2025-10-19 13:06:09
7129.0,168.0,2025-10-19 13:06:11
7163.2,169.0,2025-10-19 13:06:16
7193.03,169.0,2025-10-19 13:06:20
7208.05,170.0,2025-10-19 13:06:22
7216.1,170.0,2025-10-19 13:06:23
7239.76,169.0,2025-10-19 13:06:26
7280.35,168.0,2025-10-19 13:06:31
7297.75,168.0,2025-10-19 13:06:33
7334.08,167.0,2025-10-19 13:06:38
7362.94,167.0,2025-10-19 13:06:42
7386.92,166.0,2025-10-19 13:06:45
7394.22,166.0,2025-10-19 13:06:46
7437.42,167.0,2025-10-19 13:06:52
7493.73,166.0,2025-10-19 13:07:00
7501.24,165.0,2025-10-19 13:07:01
7510.25,166.0,2025-10-19 13:07:02
7525.57,165.0,2025-10-19 13:07:04
7532.93,165.0,2025-10-19 13:07:05
7540.52,165.0,2025-10-19 13:07:06
7548.7,165.0,2025-10-19 13:07:07
7555.51,165.0,2025-10-19 13:07:08
7572.47,164.0,2025-10-19 13:07:10
7581.31,165.0,2025-10-19 13:07:11
7599.2,164.0,2025-10-19 13:07:13
7608.58,164.0,2025-10-19 13:07:14
7627.68,164.0,2025-10-19 13:07:16
7655.86,165.0,2025-10-19 13:07:19
7665.45,165.0,2025-10-19 13:07:20
7683.81,165.0,2025-10-19 13:07:22
7720.5,165.0,2025-10-19 13:07:26
7760.05,166.0,2025-10-19 13:07:30
7826.34,166.0,2025-10-19 13:07:37
7835.61,166.0,2025-10-19 13:07:38
7898.63,167.0,2025-10-19 13:07:45
7962.3,167.0,2025-10-19 13:07:52
7980.35,167.0,2025-10-19 13:07:54
7989.58,167.0,2025-10-19 13:07:55
8007.64,167.0,2025-10-19 13:07:57
8067.31,167.0,2025-10-19 13:08:04
8075.62,167.0,2025-10-19 13:08:05
8111.82,167.0,2025-10-19 13:08:10
8118.69,167.0,2025-10-19 13:08:11
8139.17,167.0,2025-10-19 13:08:14
8152.59,167.0,2025-10-19 13:08:16
8166.02,168.0,2025-10-19 13:08:18
8172.64,168.0,2025-10-19 13:08:19
8179.33,168.0,2025-10-19 13:08:20
8186.25,168.0,2025-10-19 13:08:21
8193.11,168.0,2025-10-19 13:08:22
8199.65,169.0,2025-10-19 13:08:23
8206.58,169.0,2025-10-19 13:08:24
8213.51,169.0,2025-10-19 13:08:25
8220.49,169.0,2025-10-19 13:08:26
8227.77,169.0,2025-10-19 13:08:27
8235.1,168.0,2025-10-19 13:08:28
8248.79,168.0,2025-10-19 13:08:30
8256.57,168.0,2025-10-19 13:08:31
8264.24,168.0,2025-10-19 13:08:32
8279.16,168.0,2025-10-19 13:08:34
8319.34,168.0,2025-10-19 13:08:39
8333.9,168.0,2025-10-19 13:08:41
8402.31,169.0,2025-10-19 13:08:49
8411.38,169.0,2025-10-19 13:08:50
8449.67,170.0,2025-10-19 13:08:54
8486.46,171.0,2025-10-19 13:08:58
8551.86,172.0,2025-10-19 13:09:05
8568.97,172.0,2025-10-19 13:09:07
8628.05,172.0,2025-10-19 13:09:13
8637.87,171.0,2025-10-19 13:09:14
8687.46,171.0,2025-10-19 13:09:19
8697.5,171.0,2025-10-19 13:09:20
8766.55,171.0,2025-10-19 13:09:27
8835.91,170.0,2025-10-19 13:09:34
8845.95,170.0,2025-10-19 13:09:35
8886.92,170.0,2025-10-19 13:09:39
8896.91,170.0,2025-10-19 13:09:40
8936.49,170.0,2025-10-19 13:09:44
9004.35,168.0,2025-10-19 13:09:51
9023.16,167.0,2025-10-19 13:09:53
9041.81,166.0,2025-10-19 13:09:55
9069.58,165.0,2025-10-19 13:09:58
9088.53,164.0,2025-10-19 13:10:00
9098.32,163.0,2025-10-19 13:10:01
9108.07,163.0,2025-10-19 13:10:02
9117.95,163.0,2025-10-19 13:10:03
9127.47,163.0,2025-10-19 13:10:04
9146.47,163.0,2025-10-19 13:10:06
9166.69,162.0,2025-10-19 13:10:08
9187.14,162.0,2025-10-19 13:10:10
9197.63,162.0,2025-10-19 13:10:11
9221.55,162.0,2025-10-19 13:10:13
9247.16,161.0,2025-10-19 13:10:15
9273.43,161.0,2025-10-19 13:10:17
9300.74,160.0,2025-10-19 13:10:19
9314.71,160.0,2025-10-19 13:10:20
9328.48,159.0,2025-10-19 13:10:21
9343.26,159.0,2025-10-19 13:10:22
9388.59,157.0,2025-10-19 13:10:25
9404.24,157.0,2025-10-19 13:10:26
9420.24,157.0,2025-10-19 13:10:27
9452.93,156.0,2025-10-19 13:10:29
9469.21,155.0,2025-10-19 13:10:30
9485.42,155.0,2025-10-19 13:10:31
9517.85,154.0,2025-10-19 13:10:33
9533.99,154.0,2025-10-19 13:10:34
9550.32,153.0,2025-10-19 13:10:35
9566.17,153.0,2025-10-19 13:10:36
9581.72,153.0,2025-10-19 13:10:37
9612.16,152.0,2025-10-19 13:10:39
9655.37,153.0,2025-10-19 13:10:42
9668.22,153.0,2025-10-19 13:10:43
9680.22,153.0,2025-10-19 13:10:44
9701.67,153.0,2025-10-19 13:10:46
9711.55,152.0,2025-10-19 13:10:47
9721.18,152.0,2025-10-19 13:10:48
9739.47,153.0,2025-10-19 13:10:50
9748.17,153.0,2025-10-19 13:10:51
9756.38,153.0,2025-10-19 13:10:52
9778.81,154.0,2025-10-19 13:10:55
9792.61,155.0,2025-10-19 13:10:57
9798.86,155.0,2025-10-19 13:10:58
9830.69,158.0,2025-10-19 13:11:03
9861.6,160.0,2025-10-19 13:11:08
9873.2,161.0,2025-10-19 13:11:10
9895.06,163.0,2025-10-19 13:11:14
9910.55,164.0,2025-10-19 13:11:17
9946.13,167.0,2025-10-19 13:11:24
9951.21,167.0,2025-10-19 13:11:25
9956.15,167.0,2025-10-19 13:11:26
9990.43,170.0,2025-10-19 13:11:33
10000.22,170.0,2025-10-19 13:11:35
10005.0,170.0,2025-10-19 13:11:36
10018.36,170.0,2025-10-19 13:11:39
10022.33,171.0,2025-10-19 13:11:40
10041.78,171.0,2025-10-19 13:11:45
10056.62,171.0,2025-10-19 13:11:49
10067.4,171.0,2025-10-19 13:11:52
10086.74,172.0,2025-10-19 13:11:58
10102.22,173.0,2025-10-19 13:12:03
10108.18,173.0,2025-10-19 13:12:05
10117.25,172.0,2025-10-19 13:12:08
10127.06,172.0,2025-10-19 13:12:11
10146.33,172.0,2025-10-19 13:12:17
10149.3,142.0,2025-10-19 13:13:18
10153.18,141.0,2025-10-19 13:13:19
10172.37,141.0,2025-10-19 13:13:23
10194.78,144.0,2025-10-19 13:13:27
10200.41,144.0,2025-10-19 13:13:28
10205.95,145.0,2025-10-19 13:13:29
10217.66,146.0,2025-10-19 13:13:31
10224.22,147.0,2025-10-19 13:13:32
10231.25,148.0,2025-10-19 13:13:33
10245.54,150.0,2025-10-19 13:13:35
10253.04,150.0,2025-10-19 13:13:36
10268.3,152.0,2025-10-19 13:13:38
10283.53,152.0,2025-10-19 13:13:40
10308.3,153.0,2025-10-19 13:13:43
10316.92,152.0,2025-10-19 13:13:44
10325.84,152.0,2025-10-19 13:13:45
10360.8,153.0,2025-10-19 13:13:49
10387.34,155.0,2025-10-19 13:13:52
10396.56,155.0,2025-10-19 13:13:53
10415.18,156.0,2025-10-19 13:13:55
10462.86,159.0,2025-10-19 13:14:00
10472.49,159.0,2025-10-19 13:14:01
10500.61,160.0,2025-10-19 13:14:04
10559.26,161.0,2025-10-19 13:14:11
10569.43,161.0,2025-10-19 13:14:12
10578.17,161.0,2025-10-19 13:14:13
10640.78,162.0,2025-10-19 13:14:20
10704.09,162.0,2025-10-19 13:14:27
10714.41,163.0,2025-10-19 13:14:28
10722.98,163.0,2025-10-19 13:14:29
10731.17,162.0,2025-10-19 13:14:30
10746.96,163.0,2025-10-19 13:14:32
10754.9,163.0,2025-10-19 13:14:33
10777.96,163.0,2025-10-19 13:14:36
10814.71,165.0,2025-10-19 13:14:41
10829.83,165.0,2025-10-19 13:14:43
10859.24,166.0,2025-10-19 13:14:47
10919.59,168.0,2025-10-19 13:14:55
10934.27,168.0,2025-10-19 13:14:57
10993.3,167.0,2025-10-19 13:15:04
11013.56,166.0,2025-10-19 13:15:06
11051.21,166.0,2025-10-19 13:15:10
11108.6,165.0,2025-10-19 13:15:16
11128.19,164.0,2025-10-19 13:15:18
11145.24,164.0,2025-10-19 13:15:20
11163.78,163.0,2025-10-19 13:15:22
11172.67,163.0,2025-10-19 13:15:23
11181.36,162.0,2025-10-19 13:15:24
11199.99,162.0,2025-10-19 13:15:26
11225.2,161.0,2025-10-19 13:15:29
11248.77,161.0,2025-10-19 13:15:32
11271.67,160.0,2025-10-19 13:15:35
11279.17,160.0,2025-10-19 13:15:36
11322.94,161.0,2025-10-19 13:15:42
11329.84,160.0,2025-10-19 13:15:43
11392.83,162.0,2025-10-19 13:15:52
11421.86,162.0,2025-10-19 13:15:56
11443.95,162.0,2025-10-19 13:15:59
11450.67,163.0,2025-10-19 13:16:00
11495.05,163.0,2025-10-19 13:16:07
11500.47,163.0,2025-10-19 13:16:08
11511.13,164.0,2025-10-19 13:16:10
11521.33,164.0,2025-10-19 13:16:12
11536.22,164.0,2025-10-19 13:16:15
11545.38,165.0,2025-10-19 13:16:17
11549.89,165.0,2025-10-19 13:16:18
11559.06,165.0,2025-10-19 13:16:20
11567.87,165.0,2025-10-19 13:16:22
11572.49,166.0,2025-10-19 13:16:23
11589.44,166.0,2025-10-19 13:16:27
11597.67,167.0,2025-10-19 13:16:29
11602.29,167.0,2025-10-19 13:16:30
11627.48,167.0,2025-10-19 13:16:36
11657.88,168.0,2025-10-19 13:16:43
11666.89,168.0,2025-10-19 13:16:45
11681.53,168.0,2025-10-19 13:16:48
11690.6,168.0,2025-10-19 13:16:50
11695.03,168.0,2025-10-19 13:16:51
11703.98,168.0,2025-10-19 13:16:53
11718.37,169.0,2025-10-19 13:16:56
11727.41,169.0,2025-10-19 13:16:58
11737.02,169.0,2025-10-19 13:17:00
11746.74,169.0,2025-10-19 13:17:02
11752.08,169.0,2025-10-19 13:17:03
11757.5,169.0,2025-10-19 13:17:04
11762.89,169.0,2025-10-19 13:17:05
11774.03,168.0,2025-10-19 13:17:07
11796.91,168.0,2025-10-19 13:17:11
11852.51,167.0,2025-10-19 13:17:20
11872.15,167.0,2025-10-19 13:17:23
11920.36,167.0,2025-10-19 13:17:30
11927.59,167.0,2025-10-19 13:17:31
11969.92,167.0,2025-10-19 13:17:37
11984.46,167.0,2025-10-19 13:17:39
12029.2,167.0,2025-10-19 13:17:45
12058.36,167.0,2025-10-19 13:17:49
12088.51,166.0,2025-10-19 13:17:53
12143.06,167.0,2025-10-19 13:18:00
12150.51,167.0,2025-10-19 13:18:01
12195.86,166.0,2025-10-19 13:18:07
12258.71,166.0,2025-10-19 13:18:15
12266.86,166.0,2025-10-19 13:18:16
12316.65,166.0,2025-10-19 13:18:22
12384.13,166.0,2025-10-19 13:18:30
12410.07,166.0,2025-10-19 13:18:33
12436.05,166.0,2025-10-19 13:18:36
12461.25,167.0,2025-10-19 13:18:39
12478.15,167.0,2025-10-19 13:18:41
12520.19,168.0,2025-10-19 13:18:46
12545.14,169.0,2025-10-19 13:18:49
12572.0,169.0,2025-10-19 13:18:52
12600.42,170.0,2025-10-19 13:18:55
12652.3,171.0,2025-10-19 13:19:00
12663.31,170.0,2025-10-19 13:19:01
12674.78,171.0,2025-10-19 13:19:02
12697.54,170.0,2025-10-19 13:19:04
12709.27,170.0,2025-10-19 13:19:05
12768.12,170.0,2025-10-19 13:19:10
12791.19,169.0,2025-10-19 13:19:12
12851.26,167.0,2025-10-19 13:19:17
12863.58,167.0,2025-10-19 13:19:18
12889.54,166.0,2025-10-19 13:19:20
12902.25,166.0,2025-10-19 13:19:21
12928.2,165.0,2025-10-19 13:19:23
12954.33,165.0,2025-10-19 13:19:25
12980.82,165.0,2025-10-19 13:19:27
13021.64,164.0,2025-10-19 13:19:30
13090.21,162.0,2025-10-19 13:19:35
13103.79,162.0,2025-10-19 13:19:36
13117.6,162.0,2025-10-19 13:19:37
13159.11,162.0,2025-10-19 13:19:40
13185.5,162.0,2025-10-19 13:19:42
13211.52,162.0,2025-10-19 13:19:44
13225.66,162.0,2025-10-19 13:19:45
13296.59,163.0,2025-10-19 13:19:50
13365.22,164.0,2025-10-19 13:19:55
13379.53,164.0,2025-10-19 13:19:56
13408.17,165.0,2025-10-19 13:19:58
13434.64,165.0,2025-10-19 13:20:00
13460.94,165.0,2025-10-19 13:20:02
13474.48,165.0,2025-10-19 13:20:03
13513.65,166.0,2025-10-19 13:20:06
13538.36,166.0,2025-10-19 13:20:08
13563.46,166.0,2025-10-19 13:20:10
13575.31,166.0,2025-10-19 13:20:11
13586.96,166.0,2025-10-19 13:20:12
13598.63,166.0,2025-10-19 13:20:13
13654.99,167.0,2025-10-19 13:20:18
13677.11,167.0,2025-10-19 13:20:20
13698.69,167.0,2025-10-19 13:20:22
13720.15,168.0,2025-10-19 13:20:24
13742.3,168.0,2025-10-19 13:20:26
13764.92,169.0,2025-10-19 13:20:28
13799.64,169.0,2025-10-19 13:20:31
13820.23,169.0,2025-10-19 13:20:33
13833.89,170.0,2025-10-19 13:20:34
13844.47,170.0,2025-10-19 13:20:35
13866.46,170.0,2025-10-19 13:20:37
13888.69,170.0,2025-10-19 13:20:39
13931.26,169.0,2025-10-19 13:20:43
13971.18,168.0,2025-10-19 13:20:47
13982.94,168.0,2025-10-19 13:20:48
14001.2,167.0,2025-10-19 13:20:50
14013.66,167.0,2025-10-19 13:20:51
14032.25,167.0,2025-10-19 13:20:53
14041.92,166.0,2025-10-19 13:20:54
14069.96,167.0,2025-10-19 13:20:57
14079.19,167.0,2025-10-19 13:20:58
14089.36,167.0,2025-10-19 13:20:59
14096.21,166.0,2025-10-19 13:21:00
14115.3,167.0,2025-10-19 13:21:02
14144.83,167.0,2025-10-19 13:21:05
14154.73,167.0,2025-10-19 13:21:06
14182.03,166.0,2025-10-19 13:21:09
14197.38,165.0,2025-10-19 13:21:11
14212.63,163.0,2025-10-19 13:21:15
14212.63,163.0,2025-10-19 13:21:16
14215.99,155.0,2025-10-19 13:21:30
14219.99,154.0,2025-10-19 13:21:31
14225.22,153.0,2025-10-19 13:21:32
14238.58,151.0,2025-10-19 13:21:34
14246.21,151.0,2025-10-19 13:21:35
14254.46,150.0,2025-10-19 13:21:36
14262.93,149.0,2025-10-19 13:21:37
14271.6,148.0,2025-10-19 13:21:38
14280.67,148.0,2025-10-19 13:21:39
14290.08,147.0,2025-10-19 13:21:40
14299.71,146.0,2025-10-19 13:21:41
14319.73,145.0,2025-10-19 13:21:43
14329.72,144.0,2025-10-19 13:21:44
14337.81,143.0,2025-10-19 13:21:45
14346.99,143.0,2025-10-19 13:21:46
14356.47,142.0,2025-10-19 13:21:47
14378.14,141.0,2025-10-19 13:21:49
14387.77,140.0,2025-10-19 13:21:50
14396.33,140.0,2025-10-19 13:21:51
14404.05,140.0,2025-10-19 13:21:52
14411.89,139.0,2025-10-19 13:21:53
14426.67,140.0,2025-10-19 13:21:55
14447.6,141.0,2025-10-19 13:21:57
14466.25,142.0,2025-10-19 13:21:59
14494.21,145.0,2025-10-19 13:22:02
14510.97,147.0,2025-10-19 13:22:04
14519.17,147.0,2025-10-19 13:22:05
14526.04,148.0,2025-10-19 13:22:06
14547.84,149.0,2025-10-19 13:22:09
14554.16,149.0,2025-10-19 13:22:10
14566.2,150.0,2025-10-19 13:22:12
14585.23,152.0,2025-10-19 13:22:15
14591.72,152.0,2025-10-19 13:22:16
14598.29,153.0,2025-10-19 13:22:17
14604.4,153.0,2025-10-19 13:22:18
14617.65,154.0,2025-10-19 13:22:21
14622.16,154.0,2025-10-19 13:22:22
14647.43,155.0,2025-10-19 13:22:27
14656.19,156.0,2025-10-19 13:22:29
14671.94,159.0,2025-10-19 13:22:33
14676.42,159.0,2025-10-19 13:22:34
14691.16,162.0,2025-10-19 13:22:38
14701.82,163.0,2025-10-19 13:22:41
14722.93,165.0,2025-10-19 13:22:47
14744.16,167.0,2025-10-19 13:22:53
14771.11,168.0,2025-10-19 13:23:00
14788.96,169.0,2025-10-19 13:23:05
14796.56,169.0,2025-10-19 13:23:07
14817.54,169.0,2025-10-19 13:23:12
14846.4,170.0,2025-10-19 13:23:20
14874.2,170.0,2025-10-19 13:23:27
14883.28,170.0,2025-10-19 13:23:29
14900.62,170.0,2025-10-19 13:23:33
14936.13,169.0,2025-10-19 13:23:41
14962.44,169.0,2025-10-19 13:23:47
14992.7,170.0,2025-10-19 13:23:54
15004.91,170.0,2025-10-19 13:23:57
15019.72,171.0,2025-10-19 13:24:00
15038.28,171.0,2025-10-19 13:24:04
15048.78,171.0,2025-10-19 13:24:06
15068.03,171.0,2025-10-19 13:24:10
15092.11,172.0,2025-10-19 13:24:15
15096.65,172.0,2025-10-19 13:24:16
15126.93,173.0,2025-10-19 13:24:22
15162.95,172.0,2025-10-19 13:24:28
15175.98,173.0,2025-10-19 13:24:30
15189.56,172.0,2025-10-19 13:24:32
15210.28,172.0,2025-10-19 13:24:35
15224.27,172.0,2025-10-19 13:24:37
15231.18,172.0,2025-10-19 13:24:38
15237.98,172.0,2025-10-19 13:24:39
15244.29,172.0,2025-10-19 13:24:40
15257.58,172.0,2025-10-19 13:24:42
15264.3,172.0,2025-10-19 13:24:43
15271.26,172.0,2025-10-19 13:24:44
15278.07,171.0,2025-10-19 13:24:45
15285.42,171.0,2025-10-19 13:24:46
15299.92,171.0,2025-10-19 13:24:48
15307.37,171.0,2025-10-19 13:24:49
15314.57,171.0,2025-10-19 13:24:50
15320.34,171.0,2025-10-19 13:24:51
15336.96,171.0,2025-10-19 13:24:53
15350.87,171.0,2025-10-19 13:24:55
15380.21,171.0,2025-10-19 13:24:59
15387.65,172.0,2025-10-19 13:25:00
15394.81,172.0,2025-10-19 13:25:01
15408.89,172.0,2025-10-19 13:25:03
15415.96,172.0,2025-10-19 13:25:04
15422.9,172.0,2025-10-19 13:25:05
15458.15,173.0,2025-10-19 13:25:10
15472.15,173.0,2025-10-19 13:25:12
15500.43,173.0,2025-10-19 13:25:16
15522.63,173.0,2025-10-19 13:25:19
15572.68,173.0,2025-10-19 13:25:26
15587.86,174.0,2025-10-19 13:25:28
15635.62,174.0,2025-10-19 13:25:34
15643.99,174.0,2025-10-19 13:25:35
15706.37,175.0,2025-10-19 13:25:42
15736.77,175.0,2025-10-19 13:25:45
15779.65,174.0,2025-10-19 13:25:49
15790.9,174.0,2025-10-19 13:25:50
15813.55,174.0,2025-10-19 13:25:52
15835.53,174.0,2025-10-19 13:25:54
15846.37,174.0,2025-10-19 13:25:55
15857.27,173.0,2025-10-19 13:25:56
15899.9,172.0,2025-10-19 13:26:00
15966.63,171.0,2025-10-19 13:26:06
16002.0,170.0,2025-10-19 13:26:09
16013.98,170.0,2025-10-19 13:26:10
16037.63,169.0,2025-10-19 13:26:12
16085.6,169.0,2025-10-19 13:26:16
16117.92,168.0,2025-10-19 13:26:19
16127.86,168.0,2025-10-19 13:26:20
16137.3,167.0,2025-10-19 13:26:21
16164.32,166.0,2025-10-19 13:26:24
16197.84,166.0,2025-10-19 13:26:28
16205.71,166.0,2025-10-19 13:26:29
16258.78,167.0,2025-10-19 13:26:36
16274.14,168.0,2025-10-19 13:26:38
16325.97,169.0,2025-10-19 13:26:45
16355.91,170.0,2025-10-19 13:26:49
16378.29,170.0,2025-10-19 13:26:52
16439.62,171.0,2025-10-19 13:27:00
16454.78,172.0,2025-10-19 13:27:02
16510.12,173.0,2025-10-19 13:27:09
16544.9,173.0,2025-10-19 13:27:13
16564.08,173.0,2025-10-19 13:27:15
16574.31,173.0,2025-10-19 13:27:16
16584.5,173.0,2025-10-19 13:27:17
16616.18,173.0,2025-10-19 13:27:20
16651.13,173.0,2025-10-19 13:27:23
16674.67,172.0,2025-10-19 13:27:25
16698.61,172.0,2025-10-19 13:27:27
16710.45,171.0,2025-10-19 13:27:28
16734.54,171.0,2025-10-19 13:27:30
16758.95,170.0,2025-10-19 13:27:32
16783.08,170.0,2025-10-19 13:27:34
16842.13,169.0,2025-10-19 13:27:39
16866.41,168.0,2025-10-19 13:27:41
16927.49,167.0,2025-10-19 13:27:46
16977.88,165.0,2025-10-19 13:27:50
16990.07,165.0,2025-10-19 13:27:51
17002.86,164.0,2025-10-19 13:27:52
17028.09,163.0,2025-10-19 13:27:54
17063.57,160.0,2025-10-19 13:27:57
17074.79,159.0,2025-10-19 13:27:58
17086.26,159.0,2025-10-19 13:27:59
17122.72,158.0,2025-10-19 13:28:02
17146.61,157.0,2025-10-19 13:28:04
17170.9,156.0,2025-10-19 13:28:06
17195.94,156.0,2025-10-19 13:28:08
17220.24,155.0,2025-10-19 13:28:10
17232.63,155.0,2025-10-19 13:28:11
17258.76,155.0,2025-10-19 13:28:13
17271.83,155.0,2025-10-19 13:28:14
17284.68,156.0,2025-10-19 13:28:15
17347.28,157.0,2025-10-19 13:28:20
17360.62,156.0,2025-10-19 13:28:21
17386.77,157.0,2025-10-19 13:28:23
17412.15,156.0,2025-10-19 13:28:25
17437.49,156.0,2025-10-19 13:28:27
17500.42,156.0,2025-10-19 13:28:32
17513.33,156.0,2025-10-19 13:28:33
17526.33,157.0,2025-10-19 13:28:34
17552.03,157.0,2025-10-19 13:28:36
17578.03,158.0,2025-10-19 13:28:38
17640.65,160.0,2025-10-19 13:28:43
17665.69,161.0,2025-10-19 13:28:45
17678.66,162.0,2025-10-19 13:28:46
17691.66,162.0,2025-10-19 13:28:47
17704.44,163.0,2025-10-19 13:28:48
17742.34,164.0,2025-10-19 13:28:51
17780.38,165.0,2025-10-19 13:28:54
17818.81,164.0,2025-10-19 13:28:57
17845.18,163.0,2025-10-19 13:28:59
17858.54,163.0,2025-10-19 13:29:00
17910.31,162.0,2025-10-19 13:29:04
17957.59,162.0,2025-10-19 13:29:08
17968.74,162.0,2025-10-19 13:29:09
17979.87,162.0,2025-10-19 13:29:10
18044.32,163.0,2025-10-19 13:29:16
18087.7,164.0,2025-10-19 13:29:20
18139.65,164.0,2025-10-19 13:29:25
18149.93,165.0,2025-10-19 13:29:26
18160.4,164.0,2025-10-19 13:29:27
18190.39,165.0,2025-10-19 13:29:30
18221.13,165.0,2025-10-19 13:29:33
18285.46,167.0,2025-10-19 13:29:39
18296.93,167.0,2025-10-19 13:29:40
18308.43,167.0,2025-10-19 13:29:41
18320.16,166.0,2025-10-19 13:29:42
18357.23,167.0,2025-10-19 13:29:45
18382.28,167.0,2025-10-19 13:29:47
18406.86,167.0,2025-10-19 13:29:49
18442.69,166.0,2025-10-19 13:29:52
18466.51,166.0,2025-10-19 13:29:54
18490.35,166.0,2025-10-19 13:29:56
18549.01,164.0,2025-10-19 13:30:01
18617.05,164.0,2025-10-19 13:30:07
18649.34,163.0,2025-10-19 13:30:10
18670.16,164.0,2025-10-19 13:30:12
18732.32,165.0,2025-10-19 13:30:18
18771.84,165.0,2025-10-19 13:30:22
18800.01,166.0,2025-10-19 13:30:25
18833.47,165.0,2025-10-19 13:30:29
18847.41,165.0,2025-10-19 13:30:31
18854.72,165.0,2025-10-19 13:30:32
18869.75,164.0,2025-10-19 13:30:34
18884.04,164.0,2025-10-19 13:30:36
18927.25,163.0,2025-10-19 13:30:41
18936.34,163.0,2025-10-19 13:30:42
18991.76,163.0,2025-10-19 13:30:48
19030.07,163.0,2025-10-19 13:30:52
19077.19,163.0,2025-10-19 13:30:57
19087.03,163.0,2025-10-19 13:30:58
19125.96,163.0,2025-10-19 13:31:02
19164.9,163.0,2025-10-19 13:31:06
19233.47,164.0,2025-10-19 13:31:13
19294.11,164.0,2025-10-19 13:31:19
19323.85,165.0,2025-10-19 13:31:22
19376.68,165.0,2025-10-19 13:31:27
19438.7,164.0,2025-10-19 13:31:33
19459.38,164.0,2025-10-19 13:31:35
19479.15,163.0,2025-10-19 13:31:37
19498.54,162.0,2025-10-19 13:31:39
19508.02,161.0,2025-10-19 13:31:40
19565.27,160.0,2025-10-19 13:31:46
19583.7,160.0,2025-10-19 13:31:48
19611.2,160.0,2025-10-19 13:31:51
19645.23,160.0,2025-10-19 13:31:55
19662.55,160.0,2025-10-19 13:31:57
19678.9,160.0,2025-10-19 13:31:59
19718.74,161.0,2025-10-19 13:32:04
19736.74,161.0,2025-10-19 13:32:06
19802.22,162.0,2025-10-19 13:32:14
19818.63,162.0,2025-10-19 13:32:16
19835.38,162.0,2025-10-19 13:32:18
19899.09,163.0,2025-10-19 13:32:25
19899.09,164.0,2025-10-19 13:32:26
19942.18,165.0,2025-10-19 13:32:30
19969.58,164.0,2025-10-19 13:32:33
20005.67,165.0,2025-10-19 13:32:37
20062.25,165.0,2025-10-19 13:32:43
20124.66,166.0,2025-10-19 13:32:50
20133.92,165.0,2025-10-19 13:32:51
20188.83,165.0,2025-10-19 13:32:57
20199.78,165.0,2025-10-19 13:32:58
20264.74,165.0,2025-10-19 13:33:05
20273.92,166.0,2025-10-19 13:33:06
20338.14,165.0,2025-10-19 13:33:13
20382.78,165.0,2025-10-19 13:33:18
20430.11,163.0,2025-10-19 13:33:23
20448.19,163.0,2025-10-19 13:33:25
20466.69,164.0,2025-10-19 13:33:27
20474.0,164.0,2025-10-19 13:33:28
20513.39,164.0,2025-10-19 13:33:32
20531.05,164.0,2025-10-19 13:33:34
20540.21,164.0,2025-10-19 13:33:35
20603.26,165.0,2025-10-19 13:33:42
20631.39,165.0,2025-10-19 13:33:45
20640.74,165.0,2025-10-19 13:33:46
20705.33,165.0,2025-10-19 13:33:53
20714.87,165.0,2025-10-19 13:33:54
20743.68,165.0,2025-10-19 13:33:57
20762.43,164.0,2025-10-19 13:33:59
20780.52,164.0,2025-10-19 13:34:01
20815.18,162.0,2025-10-19 13:34:05
20884.59,162.0,2025-10-19 13:34:12
20892.51,162.0,2025-10-19 13:34:13
20954.42,163.0,2025-10-19 13:34:19
20972.87,164.0,2025-10-19 13:34:21
21034.73,163.0,2025-10-19 13:34:27
21066.48,162.0,2025-10-19 13:34:30
21077.01,162.0,2025-10-19 13:34:31
21144.34,161.0,2025-10-19 13:34:37
21152.74,161.0,2025-10-19 13:34:38
21218.56,160.0,2025-10-19 13:34:44
21237.98,160.0,2025-10-19 13:34:46
21248.97,160.0,2025-10-19 13:34:47
21316.77,159.0,2025-10-19 13:34:53
21327.58,159.0,2025-10-19 13:34:54
21391.6,158.0,2025-10-19 13:35:00
21405.02,158.0,2025-10-19 13:35:01
21437.1,159.0,2025-10-19 13:35:04
21450.7,159.0,2025-10-19 13:35:05
21473.32,158.0,2025-10-19 13:35:07
21507.86,159.0,2025-10-19 13:35:10
21519.43,159.0,2025-10-19 13:35:11
21540.6,159.0,2025-10-19 13:35:13
21575.33,159.0,2025-10-19 13:35:16
21644.76,160.0,2025-10-19 13:35:22
21656.35,159.0,2025-10-19 13:35:23
21726.06,159.0,2025-10-19 13:35:29
21748.01,158.0,2025-10-19 13:35:31
21803.39,159.0,2025-10-19 13:35:36
21838.43,160.0,2025-10-19 13:35:39
21900.08,160.0,2025-10-19 13:35:45
21941.22,160.0,2025-10-19 13:35:49
22004.22,161.0,2025-10-19 13:35:55
22012.33,161.0,2025-10-19 13:35:56
22022.64,161.0,2025-10-19 13:35:57
22084.77,163.0,2025-10-19 13:36:03
22147.2,164.0,2025-10-19 13:36:09
22212.62,166.0,2025-10-19 13:36:15
22242.36,166.0,2025-10-19 13:36:19
22295.97,166.0,2025-10-19 13:36:24
22345.42,166.0,2025-10-19 13:36:29
22362.73,166.0,2025-10-19 13:36:31
22401.4,165.0,2025-10-19 13:36:35
22450.72,165.0,2025-10-19 13:36:39
22470.74,166.0,2025-10-19 13:36:42
22527.45,166.0,2025-10-19 13:36:48
22565.19,166.0,2025-10-19 13:36:52
22605.45,165.0,2025-10-19 13:36:56
22668.92,166.0,2025-10-19 13:37:03
22708.6,165.0,2025-10-19 13:37:07
22770.04,165.0,2025-10-19 13:37:14
22779.12,165.0,2025-10-19 13:37:15
22789.75,165.0,2025-10-19 13:37:16
22798.11,165.0,2025-10-19 13:37:17
22814.8,163.0,2025-10-19 13:37:19
22823.77,163.0,2025-10-19 13:37:20
22875.45,162.0,2025-10-19 13:37:26
22882.27,161.0,2025-10-19 13:37:27
22896.02,161.0,2025-10-19 13:37:28
22896.02,159.0,2025-10-19 13:37:29
22902.89,159.0,2025-10-19 13:37:30
22916.9,158.0,2025-10-19 13:37:32
22945.19,157.0,2025-10-19 13:37:36
22960.28,157.0,2025-10-19 13:37:38
22967.19,157.0,2025-10-19 13:37:39
22981.35,157.0,2025-10-19 13:37:41
22988.43,157.0,2025-10-19 13:37:42
23023.47,158.0,2025-10-19 13:37:47
23056.74,159.0,2025-10-19 13:37:52
23063.4,159.0,2025-10-19 13:37:53
23070.23,159.0,2025-10-19 13:37:54
23090.67,160.0,2025-10-19 13:37:57
23097.15,161.0,2025-10-19 13:37:58
23109.77,161.0,2025-10-19 13:38:00
23155.08,162.0,2025-10-19 13:38:07
23196.54,163.0,2025-10-19 13:38:13
23210.1,163.0,2025-10-19 13:38:15
23259.5,164.0,2025-10-19 13:38:22
23266.19,164.0,2025-10-19 13:38:23
23301.39,164.0,2025-10-19 13:38:28
23315.49,164.0,2025-10-19 13:38:30
23357.09,162.0,2025-10-19 13:38:36
23364.24,161.0,2025-10-19 13:38:37
23371.4,162.0,2025-10-19 13:38:38
23406.91,163.0,2025-10-19 13:38:43
23455.92,165.0,2025-10-19 13:38:50
23470.54,166.0,2025-10-19 13:38:52
23507.4,166.0,2025-10-19 13:38:57
23530.33,166.0,2025-10-19 13:39:00
23577.81,166.0,2025-10-19 13:39:06
23642.88,166.0,2025-10-19 13:39:14
23658.7,166.0,2025-10-19 13:39:16
23700.72,165.0,2025-10-19 13:39:21
23708.79,165.0,2025-10-19 13:39:22
23717.01,165.0,2025-10-19 13:39:23
23740.89,165.0,2025-10-19 13:39:26
23765.36,164.0,2025-10-19 13:39:29
23781.96,164.0,2025-10-19 13:39:31
23839.58,164.0,2025-10-19 13:39:38
23856.14,164.0,2025-10-19 13:39:40
23872.41,164.0,2025-10-19 13:39:42
23880.27,164.0,2025-10-19 13:39:43
23888.37,163.0,2025-10-19 13:39:44
23946.22,163.0,2025-10-19 13:39:51
23970.91,162.0,2025-10-19 13:39:54
23994.99,161.0,2025-10-19 13:39:57
24034.44,160.0,2025-10-19 13:40:02
24085.84,158.0,2025-10-19 13:40:09
24105.63,157.0,2025-10-19 13:40:12
24118.59,157.0,2025-10-19 13:40:14
24131.53,156.0,2025-10-19 13:40:16
24150.23,156.0,2025-10-19 13:40:19
24173.41,155.0,2025-10-19 13:40:23
24178.93,155.0,2025-10-19 13:40:24
24199.45,155.0,2025-10-19 13:40:28
24204.39,155.0,2025-10-19 13:40:29
24209.22,155.0,2025-10-19 13:40:30
24218.69,155.0,2025-10-19 13:40:32
24228.1,155.0,2025-10-19 13:40:34
24246.76,157.0,2025-10-19 13:40:38
24251.11,157.0,2025-10-19 13:40:39
24259.77,158.0,2025-10-19 13:40:41
24272.73,158.0,2025-10-19 13:40:44
24290.73,159.0,2025-10-19 13:40:48
24302.86,160.0,2025-10-19 13:40:51
24313.81,160.0,2025-10-19 13:40:54
24324.37,160.0,2025-10-19 13:40:57
24353.26,162.0,2025-10-19 13:41:05
24356.66,162.0,2025-10-19 13:41:06
24363.45,162.0,2025-10-19 13:41:08
24376.99,162.0,2025-10-19 13:41:12
24383.46,163.0,2025-10-19 13:41:13
24383.46,163.0,2025-10-19 13:41:14
24392.77,163.0,2025-10-19 13:41:17
24399.71,164.0,2025-10-19 13:41:19
24425.25,165.0,2025-10-19 13:41:26
24425.25,165.0,2025-10-19 13:41:27
24453.75,166.0,2025-10-19 13:41:35
24478.1,168.0,2025-10-19 13:41:44
24499.74,168.0,2025-10-19 13:41:51
24502.86,168.0,2025-10-19 13:41:52
24526.47,169.0,2025-10-19 13:42:00
24551.51,169.0,2025-10-19 13:42:08
24554.63,169.0,2025-10-19 13:42:09
24567.72,169.0,2025-10-19 13:42:13
24576.09,169.0,2025-10-19 13:42:16
24585.51,169.0,2025-10-19 13:42:19
24591.96,169.0,2025-10-19 13:42:21
24601.11,170.0,2025-10-19 13:42:24
24607.34,169.0,2025-10-19 13:42:26
24625.19,171.0,2025-10-19 13:42:32
24639.21,171.0,2025-10-19 13:42:36
24642.3,172.0,2025-10-19 13:42:38
24647.81,172.0,2025-10-19 13:42:40
24660.63,171.0,2025-10-19 13:42:45
24672.56,171.0,2025-10-19 13:42:49
24681.5,171.0,2025-10-19 13:42:52
24687.38,171.0,2025-10-19 13:42:54
24702.63,170.0,2025-10-19 13:42:59
24710.9,170.0,2025-10-19 13:43:02
24713.91,170.0,2025-10-19 13:43:03
24738.41,170.0,2025-10-19 13:43:11
24741.3,170.0,2025-10-19 13:43:12
24758.97,169.0,2025-10-19 13:43:18
24765.36,169.0,2025-10-19 13:43:20
24784.04,170.0,2025-10-19 13:43:26
24790.96,170.0,2025-10-19 13:43:28
24797.61,170.0,2025-10-19 13:43:30
24810.48,170.0,2025-10-19 13:43:34
24821.38,170.0,2025-10-19 13:43:37
24825.38,170.0,2025-10-19 13:43:38
24829.36,170.0,2025-10-19 13:43:39
24845.02,170.0,2025-10-19 13:43:43
24861.35,170.0,2025-10-19 13:43:47
24884.52,167.0,2025-10-19 13:43:53
24891.97,167.0,2025-10-19 13:43:55
24899.8,167.0,2025-10-19 13:43:57
24903.73,166.0,2025-10-19 13:43:58
24918.77,167.0,2025-10-19 13:44:02
24930.48,167.0,2025-10-19 13:44:05
24934.4,167.0,2025-10-19 13:44:06
24948.97,168.0,2025-10-19 13:44:10
24968.19,168.0,2025-10-19 13:44:15
24975.71,168.0,2025-10-19 13:44:17
24993.26,168.0,2025-10-19 13:44:22
25000.56,168.0,2025-10-19 13:44:24
25004.33,168.0,2025-10-19 13:44:25
25027.48,168.0,2025-10-19 13:44:31
25039.71,168.0,2025-10-19 13:44:34
25060.96,168.0,2025-10-19 13:44:39
25074.03,169.0,2025-10-19 13:44:42
25078.08,169.0,2025-10-19 13:44:43
25099.03,170.0,2025-10-19 13:44:48
25107.8,170.0,2025-10-19 13:44:50
25116.31,170.0,2025-10-19 13:44:52
25129.64,170.0,2025-10-19 13:44:55
25133.9,170.0,2025-10-19 13:44:56
25137.65,170.0,2025-10-19 13:44:57
25158.94,170.0,2025-10-19 13:45:02
25171.91,170.0,2025-10-19 13:45:05
25180.82,170.0,2025-10-19 13:45:07
25206.08,170.0,2025-10-19 13:45:12
25211.25,171.0,2025-10-19 13:45:13
25221.37,171.0,2025-10-19 13:45:15
25235.39,171.0,2025-10-19 13:45:18
25239.7,171.0,2025-10-19 13:45:19
25243.58,171.0,2025-10-19 13:45:20
25251.71,172.0,2025-10-19 13:45:22
25255.9,171.0,2025-10-19 13:45:23
25260.14,171.0,2025-10-19 13:45:24
25264.73,171.0,2025-10-19 13:45:25
25269.48,172.0,2025-10-19 13:45:26
25274.13,171.0,2025-10-19 13:45:27
25283.41,171.0,2025-10-19 13:45:29
25292.84,171.0,2025-10-19 13:45:31
25319.18,171.0,2025-10-19 13:45:36
25342.52,172.0,2025-10-19 13:45:40
25365.6,172.0,2025-10-19 13:45:44
25382.71,171.0,2025-10-19 13:45:47
25419.27,170.0,2025-10-19 13:45:53
25444.62,171.0,2025-10-19 13:45:57
25484.57,170.0,2025-10-19 13:46:03
25505.29,170.0,2025-10-19 13:46:06
25555.25,169.0,2025-10-19 13:46:13
25570.86,169.0,2025-10-19 13:46:15
25579.05,169.0,2025-10-19 13:46:16
25596.17,169.0,2025-10-19 13:46:18
25613.88,168.0,2025-10-19 13:46:20
25632.6,168.0,2025-10-19 13:46:22
25641.93,168.0,2025-10-19 13:46:23
25673.91,167.0,2025-10-19 13:46:26
25685.46,166.0,2025-10-19 13:46:27
25709.96,166.0,2025-10-19 13:46:29
25735.83,165.0,2025-10-19 13:46:31
25776.98,162.0,2025-10-19 13:46:34
25805.67,159.0,2025-10-19 13:46:36
25820.42,158.0,2025-10-19 13:46:37
25835.42,157.0,2025-10-19 13:46:38
25850.55,156.0,2025-10-19 13:46:39
25881.72,153.0,2025-10-19 13:46:41
25897.59,152.0,2025-10-19 13:46:42
25945.12,149.0,2025-10-19 13:46:45
25961.37,148.0,2025-10-19 13:46:46
25977.28,148.0,2025-10-19 13:46:47
25993.22,147.0,2025-10-19 13:46:48
26025.41,144.0,2025-10-19 13:46:50
26041.37,144.0,2025-10-19 13:46:51
26056.91,143.0,2025-10-19 13:46:52
26101.66,139.0,2025-10-19 13:46:55
26130.14,137.0,2025-10-19 13:46:57
26158.09,136.0,2025-10-19 13:46:59
26198.45,135.0,2025-10-19 13:47:02
26211.58,135.0,2025-10-19 13:47:03
26237.34,136.0,2025-10-19 13:47:05
26262.8,137.0,2025-10-19 13:47:07
26275.41,137.0,2025-10-19 13:47:08
26312.36,136.0,2025-10-19 13:47:11
26348.81,137.0,2025-10-19 13:47:14
26360.64,137.0,2025-10-19 13:47:15
26417.72,139.0,2025-10-19 13:47:20
26428.34,140.0,2025-10-19 13:47:21
26467.38,142.0,2025-10-19 13:47:25
26483.88,143.0,2025-10-19 13:47:27
26499.22,144.0,2025-10-19 13:47:29
26533.34,145.0,2025-10-19 13:47:34
26556.34,148.0,2025-10-19 13:47:38
26566.35,147.0,2025-10-19 13:47:40
26576.52,148.0,2025-10-19 13:47:42
26581.58,147.0,2025-10-19 13:47:43
26596.45,148.0,2025-10-19 13:47:46
26616.06,151.0,2025-10-19 13:47:50
26625.77,153.0,2025-10-19 13:47:52
26635.41,154.0,2025-10-19 13:47:54
26654.94,157.0,2025-10-19 13:47:58
26664.78,158.0,2025-10-19 13:48:00
26669.53,159.0,2025-10-19 13:48:01
26674.51,159.0,2025-10-19 13:48:02
26714.94,162.0,2025-10-19 13:48:09
26721.41,162.0,2025-10-19 13:48:10
26774.82,162.0,2025-10-19 13:48:18
26824.92,161.0,2025-10-19 13:48:25
26870.46,160.0,2025-10-19 13:48:31
26908.93,160.0,2025-10-19 13:48:36
26923.52,160.0,2025-10-19 13:48:38
26930.27,160.0,2025-10-19 13:48:39
26955.51,160.0,2025-10-19 13:48:43
26961.47,160.0,2025-10-19 13:48:44
26978.71,160.0,2025-10-19 13:48:47
26994.55,160.0,2025-10-19 13:48:50
27004.86,160.0,2025-10-19 13:48:52
27028.23,160.0,2025-10-19 13:48:57
27037.47,160.0,2025-10-19 13:48:59
27076.6,160.0,2025-10-19 13:49:07
27085.79,160.0,2025-10-19 13:49:09
27122.22,161.0,2025-10-19 13:49:17
27158.19,160.0,2025-10-19 13:49:25
27189.36,161.0,2025-10-19 13:49:32
27198.09,162.0,2025-10-19 13:49:34
27219.7,162.0,2025-10-19 13:49:39
27232.7,162.0,2025-10-19 13:49:42
27262.36,164.0,2025-10-19 13:49:49
27307.23,166.0,2025-10-19 13:49:58
27349.66,166.0,2025-10-19 13:50:05
27399.98,166.0,2025-10-19 13:50:12
27457.86,164.0,2025-10-19 13:50:19
27466.47,164.0,2025-10-19 13:50:20
27522.54,162.0,2025-10-19 13:50:26
27562.13,160.0,2025-10-19 13:50:30
27604.46,158.0,2025-10-19 13:50:34
27637.57,155.0,2025-10-19 13:50:37
27685.14,153.0,2025-10-19 13:50:41
27697.61,153.0,2025-10-19 13:50:42
27723.1,152.0,2025-10-19 13:50:44
27748.12,150.0,2025-10-19 13:50:46
27773.24,149.0,2025-10-19 13:50:48
27786.4,148.0,2025-10-19 13:50:49
27826.42,147.0,2025-10-19 13:50:52
27839.62,146.0,2025-10-19 13:50:53
27904.06,142.0,2025-10-19 13:50:58
27971.2,140.0,2025-10-19 13:51:03
27997.85,140.0,2025-10-19 13:51:05
28024.37,138.0,2025-10-19 13:51:07
28037.92,138.0,2025-10-19 13:51:08
28065.01,136.0,2025-10-19 13:51:10
28078.7,136.0,2025-10-19 13:51:11
28107.31,134.0,2025-10-19 13:51:13
28121.69,133.0,2025-10-19 13:51:14
28136.34,134.0,2025-10-19 13:51:15
28164.97,135.0,2025-10-19 13:51:17
28178.8,135.0,2025-10-19 13:51:18
28227.13,135.0,2025-10-19 13:51:22
28238.0,135.0,2025-10-19 13:51:23
28248.32,135.0,2025-10-19 13:51:24
28258.14,135.0,2025-10-19 13:51:25
28276.75,136.0,2025-10-19 13:51:27
28285.57,137.0,2025-10-19 13:51:28
28310.96,140.0,2025-10-19 13:51:31
28326.6,141.0,2025-10-19 13:51:32
28326.6,141.0,2025-10-19 13:51:33
28334.01,141.0,2025-10-19 13:51:34
28348.5,142.0,2025-10-19 13:51:36
28355.74,143.0,2025-10-19 13:51:37
28377.85,144.0,2025-10-19 13:51:40
28393.1,145.0,2025-10-19 13:51:42
28400.52,146.0,2025-10-19 13:51:43
28422.95,149.0,2025-10-19 13:51:46
28429.6,150.0,2025-10-19 13:51:47
28442.48,151.0,2025-10-19 13:51:49
28461.32,152.0,2025-10-19 13:51:52
28467.32,152.0,2025-10-19 13:51:53
28485.61,155.0,2025-10-19 13:51:56
28497.58,155.0,2025-10-19 13:51:58
28526.35,157.0,2025-10-19 13:52:03
28537.09,157.0,2025-10-19 13:52:05
28562.97,159.0,2025-10-19 13:52:09
28572.91,160.0,2025-10-19 13:52:12
28597.51,161.0,2025-10-19 13:52:17
28607.23,161.0,2025-10-19 13:52:19
28616.59,162.0,2025-10-19 13:52:21
28638.75,163.0,2025-10-19 13:52:26
28642.88,163.0,2025-10-19 13:52:27
28679.02,164.0,2025-10-19 13:52:35
28715.16,165.0,2025-10-19 13:52:44
28744.99,165.0,2025-10-19 13:52:52
28777.27,165.0,2025-10-19 13:53:01
28815.94,166.0,2025-10-19 13:53:11
28849.21,166.0,2025-10-19 13:53:19
28869.26,166.0,2025-10-19 13:53:24
28894.22,166.0,2025-10-19 13:53:29
28898.94,166.0,2025-10-19 13:53:31
28912.01,166.0,2025-10-19 13:53:34
28933.95,165.0,2025-10-19 13:53:39
28947.21,165.0,2025-10-19 13:53:42
28959.54,165.0,2025-10-19 13:53:45
28971.37,165.0,2025-10-19 13:53:48
28975.63,165.0,2025-10-19 13:53:49
29012.05,165.0,2025-10-19 13:53:57
29016.66,164.0,2025-10-19 13:53:58
29049.87,167.0,2025-10-19 13:54:05
29054.69,166.0,2025-10-19 13:54:06
29070.7,165.0,2025-10-19 13:54:09
29080.76,166.0,2025-10-19 13:54:11
29091.36,166.0,2025-10-19 13:54:13
29102.93,165.0,2025-10-19 13:54:15
29114.39,166.0,2025-10-19 13:54:17
29132.88,167.0,2025-10-19 13:54:20
29139.45,167.0,2025-10-19 13:54:21
29158.93,167.0,2025-10-19 13:54:24
29178.55,167.0,2025-10-19 13:54:27
29191.81,167.0,2025-10-19 13:54:29
29219.9,167.0,2025-10-19 13:54:33
29241.65,166.0,2025-10-19 13:54:36
29249.24,166.0,2025-10-19 13:54:37
29288.45,167.0,2025-10-19 13:54:42
29296.27,166.0,2025-10-19 13:54:43
29328.18,166.0,2025-10-19 13:54:47
29336.09,166.0,2025-10-19 13:54:48
29344.18,167.0,2025-10-19 13:54:49
29394.71,164.0,2025-10-19 13:54:55
29420.64,164.0,2025-10-19 13:54:58
29447.18,161.0,2025-10-19 13:55:01
29500.99,161.0,2025-10-19 13:55:07
29565.36,159.0,2025-10-19 13:55:14
29574.64,159.0,2025-10-19 13:55:15
29626.76,160.0,2025-10-19 13:55:21
29689.04,157.0,2025-10-19 13:55:28
29698.23,157.0,2025-10-19 13:55:29
29717.46,157.0,2025-10-19 13:55:31
29755.88,157.0,2025-10-19 13:55:35
29774.39,157.0,2025-10-19 13:55:37
29809.89,156.0,2025-10-19 13:55:41
29827.7,156.0,2025-10-19 13:55:43
29866.34,156.0,2025-10-19 13:55:48
29887.22,156.0,2025-10-19 13:55:51
29906.01,156.0,2025-10-19 13:55:54
29924.54,158.0,2025-10-19 13:55:57
29954.26,158.0,2025-10-19 13:56:02
29960.18,158.0,2025-10-19 13:56:03
29978.13,158.0,2025-10-19 13:56:06
29990.18,158.0,2025-10-19 13:56:08
30001.56,159.0,2025-10-19 13:56:10
30013.37,158.0,2025-10-19 13:56:12
30019.49,159.0,2025-10-19 13:56:13
30037.03,158.0,2025-10-19 13:56:16
30042.53,157.0,2025-10-19 13:56:17
30053.26,157.0,2025-10-19 13:56:19
30058.7,157.0,2025-10-19 13:56:20
30069.51,156.0,2025-10-19 13:56:22
30074.98,156.0,2025-10-19 13:56:23
30080.52,157.0,2025-10-19 13:56:24
30092.28,157.0,2025-10-19 13:56:26
30110.92,158.0,2025-10-19 13:56:29
30117.08,159.0,2025-10-19 13:56:30
30145.32,161.0,2025-10-19 13:56:34
30168.68,162.0,2025-10-19 13:56:37
30185.21,163.0,2025-10-19 13:56:39
30202.35,163.0,2025-10-19 13:56:41
30211.23,163.0,2025-10-19 13:56:42
30220.37,162.0,2025-10-19 13:56:43
30229.54,162.0,2025-10-19 13:56:44
30238.78,162.0,2025-10-19 13:56:45
30248.26,163.0,2025-10-19 13:56:46
30297.38,162.0,2025-10-19 13:56:51
30317.2,162.0,2025-10-19 13:56:53
30358.96,162.0,2025-10-19 13:56:57
30401.65,161.0,2025-10-19 13:57:01
30412.43,160.0,2025-10-19 13:57:02
30433.75,160.0,2025-10-19 13:57:04
30464.33,159.0,2025-10-19 13:57:07
30474.4,158.0,2025-10-19 13:57:08
30484.57,158.0,2025-10-19 13:57:09
30534.84,155.0,2025-10-19 13:57:14
30576.7,154.0,2025-10-19 13:57:18
30609.73,153.0,2025-10-19 13:57:21
30655.28,152.0,2025-10-19 13:57:25
30678.21,151.0,2025-10-19 13:57:27
30689.86,151.0,2025-10-19 13:57:28
30701.62,150.0,2025-10-19 13:57:29
30737.51,151.0,2025-10-19 13:57:32
30749.46,151.0,2025-10-19 13:57:33
30761.74,150.0,2025-10-19 13:57:34
30774.02,150.0,2025-10-19 13:57:35
30786.48,151.0,2025-10-19 13:57:36
30849.68,152.0,2025-10-19 13:57:41
30862.52,152.0,2025-10-19 13:57:42
30888.28,152.0,2025-10-19 13:57:44
30949.92,151.0,2025-10-19 13:57:49
30973.6,151.0,2025-10-19 13:57:51
30985.42,151.0,2025-10-19 13:57:52
30996.58,151.0,2025-10-19 13:57:53
31007.35,151.0,2025-10-19 13:57:54
31039.67,152.0,2025-10-19 13:57:57
31050.04,152.0,2025-10-19 13:57:58
31060.12,152.0,2025-10-19 13:57:59
31119.66,153.0,2025-10-19 13:58:05
31167.99,155.0,2025-10-19 13:58:10
31186.62,155.0,2025-10-19 13:58:12
31205.11,155.0,2025-10-19 13:58:14
31249.77,156.0,2025-10-19 13:58:19
31266.79,156.0,2025-10-19 13:58:21
31304.8,158.0,2025-10-19 13:58:26
31345.45,160.0,2025-10-19 13:58:32
31358.51,161.0,2025-10-19 13:58:34
31406.24,163.0,2025-10-19 13:58:41
31428.12,164.0,2025-10-19 13:58:44
31465.75,165.0,2025-10-19 13:58:48
31473.57,165.0,2025-10-19 13:58:50
31481.66,165.0,2025-10-19 13:58:51
31528.26,166.0,2025-10-19 13:58:57
31595.34,166.0,2025-10-19 13:59:05
31620.4,166.0,2025-10-19 13:59:08
31682.61,165.0,2025-10-19 13:59:15
31702.27,165.0,2025-10-19 13:59:17
31732.85,165.0,2025-10-19 13:59:20
31772.76,164.0,2025-10-19 13:59:24
31792.41,163.0,2025-10-19 13:59:26
31841.09,161.0,2025-10-19 13:59:31
31868.43,159.0,2025-10-19 13:59:34
31935.63,157.0,2025-10-19 13:59:42
31944.16,156.0,2025-10-19 13:59:43
31976.81,157.0,2025-10-19 13:59:47
31984.38,157.0,2025-10-19 13:59:48
31999.78,157.0,2025-10-19 13:59:49
32007.26,157.0,2025-10-19 13:59:51
32014.7,157.0,2025-10-19 13:59:52
32022.01,158.0,2025-10-19 13:59:53
32029.36,158.0,2025-10-19 13:59:54
32052.33,158.0,2025-10-19 13:59:56
32060.04,159.0,2025-10-19 13:59:58
32116.55,160.0,2025-10-19 14:00:05
32134.11,161.0,2025-10-19 14:00:07
32152.03,161.0,2025-10-19 14:00:09
32161.27,161.0,2025-10-19 14:00:10
32180.7,161.0,2025-10-19 14:00:12
32190.18,161.0,2025-10-19 14:00:13
32199.3,160.0,2025-10-19 14:00:14
32216.72,160.0,2025-10-19 14:00:16
32244.1,159.0,2025-10-19 14:00:19
32263.16,159.0,2025-10-19 14:00:20
32330.5,157.0,2025-10-19 14:00:28
32340.4,157.0,2025-10-19 14:00:29
32401.29,155.0,2025-10-19 14:00:35
32422.1,155.0,2025-10-19 14:00:37
32474.56,155.0,2025-10-19 14:00:42
32495.51,156.0,2025-10-19 14:00:44
32516.5,156.0,2025-10-19 14:00:46
32579.43,155.0,2025-10-19 14:00:52
32599.97,154.0,2025-10-19 14:00:54
32620.4,153.0,2025-10-19 14:00:56
32639.77,152.0,2025-10-19 14:00:58
32677.8,151.0,2025-10-19 14:01:02
32738.39,150.0,2025-10-19 14:01:08
32759.35,150.0,2025-10-19 14:01:10
32822.88,152.0,2025-10-19 14:01:16
32833.62,152.0,2025-10-19 14:01:17
32844.35,153.0,2025-10-19 14:01:18
32876.72,153.0,2025-10-19 14:01:21
32933.74,153.0,2025-10-19 14:01:26
32970.54,153.0,2025-10-19 14:01:29
32983.27,153.0,2025-10-19 14:01:30
32996.33,153.0,2025-10-19 14:01:31
33023.26,153.0,2025-10-19 14:01:33
33036.97,153.0,2025-10-19 14:01:34
33064.3,153.0,2025-10-19 14:01:36
33077.76,153.0,2025-10-19 14:01:37
33142.77,151.0,2025-10-19 14:01:42
33175.92,150.0,2025-10-19 14:01:45
33197.26,150.0,2025-10-19 14:01:47
33229.35,151.0,2025-10-19 14:01:50
33291.54,153.0,2025-10-19 14:01:56
33342.46,155.0,2025-10-19 14:02:01
33381.19,157.0,2025-10-19 14:02:05
33390.78,158.0,2025-10-19 14:02:06
33448.08,161.0,2025-10-19 14:02:12
33466.7,162.0,2025-10-19 14:02:14
33537.06,163.0,2025-10-19 14:02:21
33537.06,163.0,2025-10-19 14:02:22
33598.93,164.0,2025-10-19 14:02:29
33626.03,164.0,2025-10-19 14:02:32
33688.33,164.0,2025-10-19 14:02:39
33697.83,164.0,2025-10-19 14:02:40
33758.99,164.0,2025-10-19 14:02:47
33784.47,164.0,2025-10-19 14:02:50
33810.33,164.0,2025-10-19 14:02:53
33871.78,165.0,2025-10-19 14:03:00
33939.69,167.0,2025-10-19 14:03:08
33948.39,167.0,2025-10-19 14:03:09
34002.56,168.0,2025-10-19 14:03:15
34043.01,168.0,2025-10-19 14:03:19
34053.68,168.0,2025-10-19 14:03:20
34085.38,168.0,2025-10-19 14:03:23
34108.49,167.0,2025-10-19 14:03:25
34120.13,166.0,2025-10-19 14:03:26
34143.81,166.0,2025-10-19 14:03:28
34170.02,165.0,2025-10-19 14:03:30
34183.38,165.0,2025-10-19 14:03:31
34210.49,165.0,2025-10-19 14:03:33
34237.99,164.0,2025-10-19 14:03:35
34292.68,161.0,2025-10-19 14:03:39
34306.52,160.0,2025-10-19 14:03:40
34319.93,159.0,2025-10-19 14:03:41
34384.74,157.0,2025-10-19 14:03:46
34447.88,156.0,2025-10-19 14:03:51
34483.56,156.0,2025-10-19 14:03:54
34495.39,156.0,2025-10-19 14:03:55
34543.06,157.0,2025-10-19 14:03:59
34554.87,158.0,2025-10-19 14:04:00
34589.34,159.0,2025-10-19 14:04:03
34634.23,160.0,2025-10-19 14:04:07
34686.37,161.0,2025-10-19 14:04:12
34717.25,162.0,2025-10-19 14:04:15
34727.55,163.0,2025-10-19 14:04:16
34778.89,163.0,2025-10-19 14:04:21
34808.27,164.0,2025-10-19 14:04:24
34828.2,164.0,2025-10-19 14:04:26
34875.97,165.0,2025-10-19 14:04:31
34905.34,166.0,2025-10-19 14:04:34
34945.27,165.0,2025-10-19 14:04:38
34955.65,165.0,2025-10-19 14:04:39
34977.26,165.0,2025-10-19 14:04:41
34999.71,165.0,2025-10-19 14:04:43
35023.06,165.0,2025-10-19 14:04:45
35035.1,164.0,2025-10-19 14:04:46
35084.19,163.0,2025-10-19 14:04:50
35096.88,163.0,2025-10-19 14:04:51
35122.19,162.0,2025-10-19 14:04:53
35159.75,161.0,2025-10-19 14:04:56
35224.72,159.0,2025-10-19 14:05:01
35237.44,159.0,2025-10-19 14:05:02
35275.51,159.0,2025-10-19 14:05:05
35338.75,159.0,2025-10-19 14:05:10
35409.56,160.0,2025-10-19 14:05:16
35478.77,162.0,2025-10-19 14:05:22
35489.9,162.0,2025-10-19 14:05:23
35556.23,164.0,2025-10-19 14:05:29
35587.79,164.0,2025-10-19 14:05:32
35649.23,165.0,2025-10-19 14:05:38
35659.36,165.0,2025-10-19 14:05:39
35669.31,165.0,2025-10-19 14:05:40
35737.11,166.0,2025-10-19 14:05:47
35746.59,165.0,2025-10-19 14:05:48
35802.57,165.0,2025-10-19 14:05:54
35820.17,165.0,2025-10-19 14:05:56
35872.85,164.0,2025-10-19 14:06:02
35881.59,164.0,2025-10-19 14:06:03
35928.73,163.0,2025-10-19 14:06:09
35972.78,162.0,2025-10-19 14:06:15
35978.99,162.0,2025-10-19 14:06:17
35978.99,131.0,2025-10-19 14:07:10
35986.26,131.0,2025-10-19 14:07:11
36010.4,132.0,2025-10-19 14:07:14
36019.06,133.0,2025-10-19 14:07:15
36066.34,134.0,2025-10-19 14:07:20
36076.6,134.0,2025-10-19 14:07:21
36109.54,136.0,2025-10-19 14:07:24
36121.14,136.0,2025-10-19 14:07:25
36156.87,136.0,2025-10-19 14:07:28
36168.81,135.0,2025-10-19 14:07:29
36193.84,134.0,2025-10-19 14:07:31
36218.94,133.0,2025-10-19 14:07:33
36244.25,133.0,2025-10-19 14:07:35
36282.03,133.0,2025-10-19 14:07:38
36294.79,133.0,2025-10-19 14:07:39
36307.61,133.0,2025-10-19 14:07:40
36333.64,134.0,2025-10-19 14:07:42
36346.58,134.0,2025-10-19 14:07:43
36385.76,131.0,2025-10-19 14:07:46
36399.21,130.0,2025-10-19 14:07:47
36412.72,130.0,2025-10-19 14:07:48
36426.21,129.0,2025-10-19 14:07:49
36452.68,128.0,2025-10-19 14:07:51
36479.41,127.0,2025-10-19 14:07:53
36506.15,126.0,2025-10-19 14:07:55
36519.47,125.0,2025-10-19 14:07:56
36546.17,124.0,2025-10-19 14:07:58
36559.51,124.0,2025-10-19 14:07:59
36573.02,123.0,2025-10-19 14:08:00
36613.22,121.0,2025-10-19 14:08:03
36626.76,121.0,2025-10-19 14:08:04
36654.47,121.0,2025-10-19 14:08:06
36668.69,121.0,2025-10-19 14:08:07
36683.06,121.0,2025-10-19 14:08:08
36712.23,122.0,2025-10-19 14:08:10
36757.29,124.0,2025-10-19 14:08:13
36772.85,125.0,2025-10-19 14:08:14
36803.77,127.0,2025-10-19 14:08:16
36834.54,129.0,2025-10-19 14:08:18
36864.89,130.0,2025-10-19 14:08:20
36937.83,133.0,2025-10-19 14:08:25
36978.27,135.0,2025-10-19 14:08:28
37017.74,137.0,2025-10-19 14:08:31
37068.19,140.0,2025-10-19 14:08:35
37092.27,141.0,2025-10-19 14:08:37
37104.25,142.0,2025-10-19 14:08:38
37174.37,145.0,2025-10-19 14:08:44
37185.92,145.0,2025-10-19 14:08:45
37242.28,148.0,2025-10-19 14:08:50
37297.42,151.0,2025-10-19 14:08:55
37319.46,152.0,2025-10-19 14:08:57
37380.68,155.0,2025-10-19 14:09:03
37390.31,155.0,2025-10-19 14:09:04
37399.64,155.0,2025-10-19 14:09:05
37446.02,156.0,2025-10-19 14:09:10
37505.16,157.0,2025-10-19 14:09:17
37537.12,157.0,2025-10-19 14:09:21
37559.96,157.0,2025-10-19 14:09:24
37567.36,157.0,2025-10-19 14:09:25
37610.25,158.0,2025-10-19 14:09:31
37624.37,158.0,2025-10-19 14:09:33
37639.18,159.0,2025-10-19 14:09:35
37687.23,160.0,2025-10-19 14:09:42
37707.76,160.0,2025-10-19 14:09:45
37721.1,160.0,2025-10-19 14:09:47
37741.15,160.0,2025-10-19 14:09:50
37747.76,160.0,2025-10-19 14:09:51
37754.72,161.0,2025-10-19 14:09:52
37775.52,161.0,2025-10-19 14:09:55
37790.06,161.0,2025-10-19 14:09:57
37821.99,161.0,2025-10-19 14:10:01
37830.28,160.0,2025-10-19 14:10:02
37838.43,160.0,2025-10-19 14:10:03
37873.78,159.0,2025-10-19 14:10:07
37910.6,159.0,2025-10-19 14:10:10
37910.6,159.0,2025-10-19 14:10:11
37930.27,159.0,2025-10-19 14:10:13
37992.63,158.0,2025-10-19 14:10:19
38003.12,158.0,2025-10-19 14:10:20
38023.52,157.0,2025-10-19 14:10:22
38083.55,156.0,2025-10-19 14:10:28
38150.78,155.0,2025-10-19 14:10:35
38160.39,155.0,2025-10-19 14:10:36
38216.95,156.0,2025-10-19 14:10:42
38254.38,156.0,2025-10-19 14:10:46
38263.98,156.0,2025-10-19 14:10:47
38322.52,157.0,2025-10-19 14:10:53
38352.17,157.0,2025-10-19 14:10:56
38402.21,158.0,2025-10-19 14:11:01
38440.94,159.0,2025-10-19 14:11:05
38489.41,160.0,2025-10-19 14:11:10
38528.66,161.0,2025-10-19 14:11:14
38548.92,161.0,2025-10-19 14:11:16
38589.97,161.0,2025-10-19 14:11:20
38641.93,160.0,2025-10-19 14:11:25
38652.01,160.0,2025-10-19 14:11:26
38672.16,160.0,2025-10-19 14:11:28
38682.24,160.0,2025-10-19 14:11:29
38749.7,160.0,2025-10-19 14:11:36
38786.3,161.0,2025-10-19 14:11:39
38795.59,160.0,2025-10-19 14:11:41
38823.1,160.0,2025-10-19 14:11:44
38832.41,160.0,2025-10-19 14:11:45
38859.81,160.0,2025-10-19 14:11:48
38877.77,161.0,2025-10-19 14:11:50
38886.54,160.0,2025-10-19 14:11:51
38895.32,161.0,2025-10-19 14:11:52
38948.2,160.0,2025-10-19 14:11:58
39001.16,160.0,2025-10-19 14:12:04
39053.16,160.0,2025-10-19 14:12:10
39110.56,159.0,2025-10-19 14:12:17
39152.28,159.0,2025-10-19 14:12:22
39160.66,159.0,2025-10-19 14:12:23
39220.86,159.0,2025-10-19 14:12:30
39281.64,159.0,2025-10-19 14:12:37
39326.49,159.0,2025-10-19 14:12:42
39335.81,159.0,2025-10-19 14:12:43
39371.15,160.0,2025-10-19 14:12:47
39380.29,160.0,2025-10-19 14:12:48
39443.85,161.0,2025-10-19 14:12:55
39451.86,160.0,2025-10-19 14:12:56
39480.96,161.0,2025-10-19 14:13:00
39487.22,161.0,2025-10-19 14:13:01
39513.8,159.0,2025-10-19 14:13:06
39531.19,160.0,2025-10-19 14:13:10
39543.64,160.0,2025-10-19 14:13:13
39560.33,161.0,2025-10-19 14:13:17
39572.85,161.0,2025-10-19 14:13:20
39588.46,163.0,2025-10-19 14:13:24
39611.9,164.0,2025-10-19 14:13:30
39628.22,164.0,2025-10-19 14:13:34
39640.99,166.0,2025-10-19 14:13:37
39664.27,167.0,2025-10-19 14:13:42
39690.03,167.0,2025-10-19 14:13:48
39714.19,166.0,2025-10-19 14:13:53
39719.13,166.0,2025-10-19 14:13:54
39723.88,167.0,2025-10-19 14:13:55
39733.65,166.0,2025-10-19 14:13:57
39769.61,167.0,2025-10-19 14:14:04
39785.75,167.0,2025-10-19 14:14:07
39808.61,167.0,2025-10-19 14:14:11
39857.0,167.0,2025-10-19 14:14:19
39863.39,166.0,2025-10-19 14:14:20
39882.7,167.0,2025-10-19 14:14:23
39889.27,167.0,2025-10-19 14:14:24
39914.68,167.0,2025-10-19 14:14:28
39934.64,167.0,2025-10-19 14:14:31
39974.18,165.0,2025-10-19 14:14:37
39987.49,165.0,2025-10-19 14:14:39
40001.29,164.0,2025-10-19 14:14:41
40015.22,165.0,2025-10-19 14:14:43
40048.91,164.0,2025-10-19 14:14:48
40055.26,165.0,2025-10-19 14:14:49
40068.16,165.0,2025-10-19 14:14:51
40074.7,165.0,2025-10-19 14:14:52
40087.61,164.0,2025-10-19 14:14:54
40107.54,164.0,2025-10-19 14:14:57
40120.15,164.0,2025-10-19 14:14:59
40151.97,164.0,2025-10-19 14:15:04
40158.79,164.0,2025-10-19 14:15:05
40206.97,164.0,2025-10-19 14:15:12
40220.74,164.0,2025-10-19 14:15:14
40240.74,163.0,2025-10-19 14:15:17
40246.96,163.0,2025-10-19 14:15:18
40264.14,163.0,2025-10-19 14:15:21
40269.71,163.0,2025-10-19 14:15:22
40296.31,163.0,2025-10-19 14:15:27
40337.87,163.0,2025-10-19 14:15:35
40342.79,163.0,2025-10-19 14:15:36
40371.17,162.0,2025-10-19 14:15:42
40389.93,163.0,2025-10-19 14:15:46
40394.68,163.0,2025-10-19 14:15:47
40418.17,164.0,2025-10-19 14:15:52
40436.53,165.0,2025-10-19 14:15:56
40441.31,165.0,2025-10-19 14:15:57
40460.49,165.0,2025-10-19 14:16:01
40470.77,164.0,2025-10-19 14:16:03
40493.21,165.0,2025-10-19 14:16:07
40498.75,165.0,2025-10-19 14:16:08
40504.45,165.0,2025-10-19 14:16:09
40509.78,165.0,2025-10-19 14:16:10
40540.66,166.0,2025-10-19 14:16:15
40588.42,166.0,2025-10-19 14:16:22
40611.23,166.0,2025-10-19 14:16:25
40619.16,166.0,2025-10-19 14:16:26
40634.73,165.0,2025-10-19 14:16:28
40642.76,164.0,2025-10-19 14:16:29
40658.4,164.0,2025-10-19 14:16:31
40682.1,164.0,2025-10-19 14:16:34
40748.41,163.0,2025-10-19 14:16:43
40783.59,163.0,2025-10-19 14:16:48
40798.02,163.0,2025-10-19 14:16:50
40821.17,164.0,2025-10-19 14:16:53
40851.66,164.0,2025-10-19 14:16:57
40858.66,164.0,2025-10-19 14:16:58
40873.63,165.0,2025-10-19 14:17:00
40912.87,164.0,2025-10-19 14:17:05
40920.7,164.0,2025-10-19 14:17:06
40936.8,164.0,2025-10-19 14:17:08
40979.68,163.0,2025-10-19 14:17:13
40988.49,163.0,2025-10-19 14:17:14
41016.1,162.0,2025-10-19 14:17:17
41053.05,162.0,2025-10-19 14:17:21
41080.97,162.0,2025-10-19 14:17:24
41107.79,161.0,2025-10-19 14:17:27
41149.7,161.0,2025-10-19 14:17:32
41212.81,158.0,2025-10-19 14:17:39
41230.8,158.0,2025-10-19 14:17:41
41257.0,156.0,2025-10-19 14:17:44
41283.05,157.0,2025-10-19 14:17:47
41346.01,160.0,2025-10-19 14:17:54
41354.72,160.0,2025-10-19 14:17:55
41372.45,161.0,2025-10-19 14:17:57
41381.2,161.0,2025-10-19 14:17:58
41398.76,161.0,2025-10-19 14:18:00
41433.34,162.0,2025-10-19 14:18:04
41459.87,161.0,2025-10-19 14:18:07
41522.89,162.0,2025-10-19 14:18:14
41541.63,162.0,2025-10-19 14:18:16
41585.51,163.0,2025-10-19 14:18:21
41650.4,164.0,2025-10-19 14:18:28
41659.39,163.0,2025-10-19 14:18:29
41668.2,163.0,2025-10-19 14:18:30
41686.29,163.0,2025-10-19 14:18:32
41736.57,163.0,2025-10-19 14:18:37
41765.84,164.0,2025-10-19 14:18:40
41775.57,,2025-10-19 14:18:48
41775.57,,2025-10-19 14:18:55
